{
  "project_info": {
    "project_number": "778218649813",
    "project_id": "scienceacceleration-ac765",
    "storage_bucket": "scienceacceleration-ac765.firebasestorage.app"
  },
  "client": [
    {
      "client_info": {
        "mobilesdk_app_id": "1:778218649813:android:9ff6107cb9b074914e4a5c",
        "android_client_info": {
          "package_name": "com.chengan.scienceacceleration"
        }
      },
      "oauth_client": [],
      "api_key": [
        {
          "current_key": "AIzaSyCoX8LnhTr1b_aNDweohH0_St9Jocw2Mg0"
        }
      ],
      "services": {
        "appinvite_service": {
          "other_platform_oauth_client": []
        }
      }
    }
  ],
  "configuration_version": "1"
}